bundesland,name_institution,traegerschaft_hochschulkompass,ort,name_ministerium,wikidate_id,einrichtungsart,oa_webseite_institution,oa_webseite,oa_beauftragte_name,oa_beauftragte,ansprechperson_oa,oa_policy,oa_leitlinie,publikationsfonds,publikationsfonds_finanizerung,zs_publikationsfonds,mono_publikationsfonds,repositorium_url,repositorium,oa_verlag,ojs_standort,berliner_erklaerung,oa_2020,dora_institution
Baden-Württemberg,Staatliche Akademie der Bildenden Künste Stuttgart,öffentlich-rechtlich,Stuttgart,,Q2324294,Hochschule,,,,,,False,,False,,,,,,False,False,False,False,False
Baden-Württemberg,Duale Hochschule Baden-Württemberg Stuttgart,öffentlich-rechtlich,Stuttgart,Duale Hochschule Baden-Württemberg Stuttgart,Q1262612,Hochschule,www.dhbw-stuttgart.de/service/bibliothek/wissenschaftliches-publizieren/,True,,,Martina Berenz,True,,True,MWK-Kofinanziert,True,False,,,False,False,False,False,False
Baden-Württemberg,Duale Hochschule Baden-Württemberg,öffentlich-rechtlich,Stuttgart,Duale Hochschule Baden-Württemberg,Q1262605,Hochschule,www.dhbw-stuttgart.de/service/bibliothek/wissenschaftliches-publizieren/,True,,,Martina Berenz,True,,True,MWK-Kofinanziert,True,False,,,False,False,False,False,False
Baden-Württemberg,Hochschule der Bundesagentur für Arbeit Mannheim,öffentlich-rechtlich,Mannheim,Hochschule der Bundesagentur für Arbeit Mannheim,Q1622148,Hochschule,,,,,,False,,False,,,,,,False,False,False,False,False
Baden-Württemberg,Hochschule der Medien Stuttgart,öffentlich-rechtlich,Stuttgart,Hochschule der Medien Stuttgart,Q1233544,Hochschule,,,,,,False,,False,,,,hdms.bsz-bw.de/home,True,False,False,False,False,False
Baden-Württemberg,Staatliche Hochschule für Gestaltung Karlsruhe,öffentlich-rechtlich,Karlsruhe,"Staatliche Hochschule für Technik, Wirtschaft und Gestaltung Karlsruhe",Q896116,Hochschule,,,,,,False,,False,,,,opus.htwg-konstanz.de/home,True,False,False,False,False,False
Baden-Württemberg,Hochschule für Musik Karlsruhe,öffentlich-rechtlich,Karlsruhe,Hochschule für Musik Karlsruhe,Q448324,Hochschule,,,,,,False,,False,,,,,,False,False,False,False,False
Baden-Württemberg,Hochschule für Polizei Baden-Württemberg,öffentlich-rechtlich,Villingen-Schwenningen,Hochschule für Polizei Baden-Württemberg,Q1622214,Hochschule,,,,,,False,,False,,,,,,False,False,False,False,False
Baden-Württemberg,Hochschule für Technik Stuttgart,öffentlich-rechtlich,Stuttgart,Hochschule für Technik Stuttgart,Q1540704,Hochschule,,,,,,False,,False,,,,,,False,False,False,False,False
Baden-Württemberg,Hochschule für Wirtschaft und Umwelt Nürtingen-Geislingen,öffentlich-rechtlich,Nürtingen,Hochschule für Wirtschaft und Umwelt Nürtingen-Geislingen,Q1622229,Hochschule,www.hfwu.de/hochschule-fuer-wirtschaft-und-umwelt-nuertingen-geislingen/elektronisches-publizieren/,True,,,Elena Kubein,True,,False,,,,hfwu.bsz-bw.de/home,True,False,False,False,False,False
Baden-Württemberg,Staatliche Hochschule für Musik und Darstellende Kunst Stuttgart,öffentlich-rechtlich,Stuttgart,Staatliche Hochschule für Musik und Darstellende Kunst Stuttgart,Q568692,Hochschule,,,,,,False,,False,,,,,,False,False,False,False,False
Baden-Württemberg,Hochschule Biberach,öffentlich-rechtlich,Biberach,Hochschule Biberach,Q1622079,Hochschule,,,,,,False,,False,,,,,,False,False,False,False,False
Baden-Württemberg,Hochschule Aalen,öffentlich-rechtlich,Aalen,Hochschule Aalen,Q1622071,Hochschule,www.hs-aalen.de/de/pages/bibliothek_wissenschaftliches-arbeiten-und-publizieren,True,,,,True,,True,MWK-Kofinanziert,True,False,opus-htw-aalen.bsz-bw.de/home,True,False,False,False,False,False
Baden-Württemberg,Hochschule Albstadt-Sigmaringen,öffentlich-rechtlich,Sigmaringen,Hochschule Albstadt-Sigmaringen,Q1441039,Hochschule,,,,,,False,,False,,,,,,False,False,False,False,False
Baden-Württemberg,Hochschule Esslingen,öffentlich-rechtlich,Esslingen,Hochschule Esslingen,Q1622101,Hochschule,,,,,,True,,False,,,,hses.bsz-bw.de/home,True,False,False,False,False,False
Baden-Württemberg,Hochschule Furtwangen,öffentlich-rechtlich,Furtwangen,Hochschule Furtwangen,Q529572,Hochschule,,,,,,False,,False,,,,opus.hs-furtwangen.de/home,True,False,False,False,False,False
Baden-Württemberg,Hochschule Heilbronn,öffentlich-rechtlich,Heilbronn,Hochschule Heilbronn,Q327693,Hochschule,,,,,,False,,False,,,,http://opus-hshn.bsz-bw.de/,True,False,False,False,False,False
Baden-Württemberg,Hochschule Karlsruhe - Technik und Wirtschaft,öffentlich-rechtlich,Karlsruhe,Hochschule Karlsruhe - Technik und Wirtschaft,Q761708,Hochschule,www.hs-karlsruhe.de/hochschule/einrichtungen/fachbibliothek/open-access-publizieren,True,,,Team Information,False,,True,MWK-Kofinanziert,True,False,,,False,False,False,False,False
Baden-Württemberg,Hochschule für öffentliche Verwaltung Kehl,öffentlich-rechtlich,Kehl,Hochschule für öffentliche Verwaltung Kehl,Q1622113,Hochschule,,,,,,False,,False,,,,,,False,False,False,False,False
Baden-Württemberg,Hochschule für öffentliche Verwaltung und Finanzen Ludwigsburg,öffentlich-rechtlich,Ludwigsburg,Hochschule für öffentliche Verwaltung und Finanzen Ludwigsburg,Q1604537,Hochschule,,,,,,False,,False,,,,,,False,False,False,False,False
Baden-Württemberg,Hochschule Mannheim,öffentlich-rechtlich,Mannheim,Hochschule Mannheim,Q321369,Hochschule,www.bib.hs-mannheim.de/publizieren-open-access.html,True,,,,True,,True,MWK-Kofinanziert,True,False,opus.bib.hs-mannheim.de/home,True,False,False,False,False,False
Baden-Württemberg,Hochschule Offenburg,öffentlich-rechtlich,Offenburg,"Hochschule für Technik, Wirtschaft und Medien Offenburg",Q1622133,Hochschule,,,,,Petra Möhringer,True,,False,,,,http://opus.hs-offenburg.de,True,False,False,False,False,False
Baden-Württemberg,"Hochschule Pforzheim - Gestaltung, Technik, Wirtschaft und Recht",öffentlich-rechtlich,Pforzheim,"Hochschule Pforzheim - Gestaltung, Technik, Wirtschaft und Recht",Q884358,Hochschule,,,,,,False,,False,,,,,,False,False,False,False,False
Baden-Württemberg,Hochschule für Forstwirtschaft Rottenburg,öffentlich-rechtlich,Rottenburg,Hochschule für Forstwirtschaft Rottenburg,Q1622175,Hochschule,,,,,,False,,False,,,,,,False,False,False,False,False
Baden-Württemberg,"Hochschule Konstanz Technik, Wirtschaft und Gestaltung (HTWG)",öffentlich-rechtlich,Konstanz,,Q1622118,Hochschule,www.htwg-konstanz.de/hochschule/einrichtungen/bibliothek/publizieren-open-access/,True,,,,True,,False,,,,opus.htwg-konstanz.de/home,True,False,False,False,False,False
Baden-Württemberg,Staatliche Akademie der Bildenden Künste Karlsruhe,öffentlich-rechtlich,Karlsruhe,Staatliche Akademie der Bildenden Künste Karlsruhe,Q322938,Hochschule,,,,,,False,,False,,,,,,False,False,False,False,False
Baden-Württemberg,Hochschule für Musik Freiburg,öffentlich-rechtlich,Freiburg,Staatliche Hochschule für Musik Freiburg,Q650345,Hochschule,,,,,,False,,False,,,,opus.bsz-bw.de/hfmfr/home,True,False,False,False,False,False
Baden-Württemberg,Staatliche Hochschule für Musik Trossingen,öffentlich-rechtlich,Trossingen,Staatliche Hochschule für Musik Trossingen,Q1622206,Hochschule,,,,,,False,,False,,,,,,False,False,False,False,False
Baden-Württemberg,Hochschule für Musik und Darstellende Kunst Mannheim,öffentlich-rechtlich,Mannheim,Staatliche Hochschule für Musik und Darstellende Kunst Mannheim,Q1413500,Hochschule,,,,,,False,,False,,,,,,False,False,False,False,False
Baden-Württemberg,Hochschule für Gestaltung Schwäbisch Gmünd,öffentlich-rechtlich,Schwäbisch Gmünd,Hochschule für Gestaltung Schwäbisch Gmünd,Q248702,Hochschule,www.ph-gmuend.de/forschung/foerderung-von-open-access-publikationen,True,,,,True,,True,MWK-Kofinanziert,True,False,phsg.bsz-bw.de/home,True,False,False,False,False,False
Baden-Württemberg,Hochschule Reutlingen,öffentlich-rechtlich,Reutlingen,Hochschule Reutlingen,Q317125,Hochschule,www.reutlingen-university.de/im-studium/lernzentrum/literatur/open-access-und-open-educational-resources/,True,,,,True,,False,,,,publikationen.reutlingen-university.de/home,True,False,False,False,False,False
Baden-Württemberg,Hochschule Ravensburg-Weingarten,öffentlich-rechtlich,Weingarten,Hochschule Ravensburg-Weingarten,Q2718933,Hochschule,bibliothek.ph-weingarten.de/subsites/A-Z_O.html,True,,,,False,,False,,,,hsbwgt.bsz-bw.de/home,True,False,False,False,False,False
Baden-Württemberg,Technische Hochschule Ulm,öffentlich-rechtlich,Ulm,Technische Hochschule Ulm,Q1622143,Hochschule,,,,,,True,,False,,,,,,False,False,False,False,False
Bayern,Akademie der Bildenden Künste München,öffentlich-rechtlich,München,Akademie der Bildenden Künste München,Q414052,Hochschule,Recherche fehlt,Recherche fehlt,Recherche fehlt,Recherche fehlt,Recherche fehlt,Recherche fehlt,Recherche fehlt,Recherche fehlt,Recherche fehlt,Recherche fehlt,Recherche fehlt,Recherche fehlt,Recherche fehlt,False,False,False,False,False
Bayern,Akademie der Bildenden Künste Nürnberg,öffentlich-rechtlich,Nürnberg,,Q8876222,Hochschule,,,,,Recherche fehlt,False,,False,,,,www.prometheus-bildarchiv.de/,True,False,False,False,False,False
Bayern,Hochschule für den öffentlichen Dienst in Bayern,öffentlich-rechtlich,München,,Q1391290,Hochschule,Recherche fehlt,Recherche fehlt,Recherche fehlt,Recherche fehlt,Recherche fehlt,Recherche fehlt,Recherche fehlt,Recherche fehlt,Recherche fehlt,Recherche fehlt,Recherche fehlt,Recherche fehlt,Recherche fehlt,False,False,False,False,False
Bayern,Hochschule für angewandte Wissenschaften Würzburg-Schweinfurt,öffentlich-rechtlich,Würzburg,Hochschule für angewandte Wissenschaften Würzburg-Schweinfurt,Q1622239,Hochschule,bibliothek.fhws.de/beratung/open-access/,True,,,Recherche fehlt,False,,False,,,,opus4.kobv.de/opus4-fhws/home,True,False,False,False,False,False
Bayern,Hochschule für angewandte Wissenschaften Landshut,öffentlich-rechtlich,Landshut,Hochschule für angewandte Wissenschaften Landshut,Q1622121,Hochschule,,,,,Recherche fehlt,False,,False,,,,opus4.kobv.de/opus4-haw-landshut/home,True,False,False,False,False,False
Bayern,Hochschule für Fernsehen und Film München,öffentlich-rechtlich,München,,Q569350,Hochschule,,,,,Recherche fehlt,False,,False,,,,,,False,False,False,False,False
Bayern,Hochschule für Musik Nürnberg,öffentlich-rechtlich,Nürnberg,Hochschule für Musik Nürnberg,Q1622205,Hochschule,,,,,Recherche fehlt,False,,False,,,,,,False,False,False,False,False
Bayern,Hochschule für Musik Würzburg,öffentlich-rechtlich,Würzburg,Hochschule für Musik Würzburg,Q260107,Hochschule,,,,,Recherche fehlt,False,,False,,,,,,False,False,False,False,False
Bayern,Hochschule für angewandte Wissenschaften München,öffentlich-rechtlich,München,Hochschule für angewandte Wissenschaften München,Q314089,Hochschule,,,Dr. Rainer Nerlich,True,Recherche fehlt,True,,True,Eigenmittel,True,False,digital.bib-bvb.de//R/93IY3PJE52UKPAA8E7H6SJ8PYCN99IK2JMEbvbm1.bib-bvb.de/R/8T6VJRIUD1TR3SYN9TRYBXDDGK67CUHBVXACY431KIY7DRH7B7-00025?local_base=FHM&pds_handle=GUEST,True,False,False,False,False,False
Bayern,Hochschule für angewandte Wissenschaften Neu-Ulm,öffentlich-rechtlich,Neu-Ulm,Hochschule für angewandte Wissenschaften Neu-Ulm,Q1622129,Hochschule,www.hnu.de/studium/im-studium/bibliothek/publizieren/open-access,True,,,Recherche fehlt,True,,False,,,,publications.hs-neu-ulm.de/,True,False,False,False,False,False
Bayern,Hochschule Hof,öffentlich-rechtlich,Hof,Hochschule für angewandte Wissenschaften Hof,Q1622109,Hochschule,,,,,,False,,False,,,,https://opus4.kobv.de/opus4-hof/,True,False,False,False,False,False
Bayern,Hochschule Ansbach,öffentlich-rechtlich,Ansbach,Hochschule für angewandte Wissenschaften Ansbach,Q1622076,Hochschule,,,,,,False,,,,,,,,False,False,False,False,False
Bayern,Hochschule für angewandte Wissenschaften Augsburg,öffentlich-rechtlich,Augsburg,Hochschule für angewandte Wissenschaften Augsburg,Q896468,Hochschule,,,,,Recherche fehlt,False,,False,,,,https://opus4.kobv.de/opus4-hs-augsburg/,True,False,False,False,False,False
Bayern,Hochschule für angewandte Wissenschaften Coburg,öffentlich-rechtlich,Coburg,Hochschule für angewandte Wissenschaften Coburg,Q1622234,Hochschule,,,,,Recherche fehlt,False,,False,,,,,,False,False,False,False,False
Bayern,Hochschule für angewandte Wissenschaften Kempten,öffentlich-rechtlich,Kempten,Hochschule für angewandte Wissenschaften Kempten,Q1622115,Hochschule,,,,,Recherche fehlt,False,,False,,,,opus4.kobv.de/opus4-hs-kempten/home,True,False,False,False,False,False
Bayern,Hochschule Neu-Ulm,öffentlich-rechtlich,Neu-Ulm,,Q1622129,Hochschule,Recherche fehlt,Recherche fehlt,Recherche fehlt,Recherche fehlt,Recherche fehlt,Recherche fehlt,Recherche fehlt,Recherche fehlt,Recherche fehlt,Recherche fehlt,Recherche fehlt,Recherche fehlt,Recherche fehlt,False,False,False,False,False
Bayern,Hochschule Weihenstephan-Triesdorf,öffentlich-rechtlich,Freising,Hochschule für angewandte Wissenschaften Weihenstephan-Triesdorf,Q1622145,Hochschule,www.hswt.de/forschung/forschungseinrichtungen/zfw/open-access-publikationsfonds.html,True,,,Dr. Michaela Stegmann,False,,True,Eigenmittel,True,False,,,False,False,False,False,False
Bayern,Ostbayerisch-Technische-Hochschule Amberg-Weiden,öffentlich-rechtlich,Amberg,Ostbayerisch-Technische-Hochschule Amberg-Weiden,,Hochschule,,,,,Recherche fehlt,False,,False,,,,,,False,False,False,False,False
Bayern,Ostbayerisch-Technische-Hochschule Regensburg,öffentlich-rechtlich,Regensburg,Ostbayerisch-Technische-Hochschule Regensburg,Q982435,Hochschule,,,,,Recherche fehlt,False,,False,,,,opus4.kobv.de/opus4-oth-regensburg/home/index/help,True,False,False,False,False,False
Bayern,Technische Hochschule Aschaffenburg,öffentlich-rechtlich,Aschaffenburg,Technische Hochschule Aschaffenburg,Q1523703,Hochschule,,,,,Recherche fehlt,False,,False,,,,opus4.kobv.de/opus4-h-ab/home,True,False,False,False,False,False
Bayern,Technische Hochschule Deggendorf,öffentlich-rechtlich,Deggendorf,Technische Hochschule Deggendorf,Q468553,Hochschule,,,,,Recherche fehlt,True,,False,,,,,,False,False,False,False,False
Bayern,Technische Hochschule Nürnberg Georg Simon Ohm,öffentlich-rechtlich,Nürnberg,Technische Hochschule Nürnberg Georg Simon Ohm,Q1503440,Hochschule,,,,,Recherche fehlt,False,,False,,,,https://opus4.kobv.de/opus4-ohm/,True,False,False,False,False,False
Bayern,Technische Hochschule Rosenheim,öffentlich-rechtlich,Rosenheim,Technische Hochschule Rosenheim,Q263537,Hochschule,,,,,Recherche fehlt,False,,False,,,,opus4.kobv.de/opus4-rosenheim/home,True,False,False,False,False,False
Bayern,Technische Hochschule Ingolstadt,öffentlich-rechtlich,Ingolstadt,Technische Hochschule Ingolstadt,Q1622111,Hochschule,,,,,Recherche fehlt,False,,False,,,,opus4.kobv.de/opus4-haw/home,True,False,False,False,False,False
Bayern,Technische Universität Nürnberg,öffentlich-rechtlich,Nürnberg,,Q56187114,Hochschule,Recherche fehlt,Recherche fehlt,Recherche fehlt,Recherche fehlt,Recherche fehlt,Recherche fehlt,Recherche fehlt,Recherche fehlt,Recherche fehlt,Recherche fehlt,Recherche fehlt,Recherche fehlt,Recherche fehlt,False,False,False,False,False
Bayern,Hochschule für Musik und Theater München,öffentlich-rechtlich,München,Hochschule für Musik und Theater München,Q657167,Hochschule,www.hmtm-hannover.de/de/studium/hochschulbibliothek/open-access/,True,,,Recherche fehlt,False,,False,,,,digital.bib-bvb.de/R/73PYCN6HEJFSFK199DS2LDM8XDHRXIXHNHCIJD4ATQ5G4BYN1I-00365?local_base=HMT&pds_handle=GUEST,True,False,False,False,False,False
Berlin,Beuth Hochschule für Technik Berlin,öffentlich-rechtlich,Berlin,Beuth Hochschule für Technik Berlin,Q851413,Hochschule,,,Prof. Dr. Sebastian von Klinski (kommissarisch),True,Recherche fehlt,False,,False,,,,,,False,False,True,False,False
Berlin,Hochschule für Schauspielkunst Ernst Busch,öffentlich-rechtlich,Berlin,Hochschule für Schauspielkunst Ernst Busch,Q895796,Hochschule,"www.hfs-berlin.de/studium/studium/open-access/#:~:text=Seit%202018%20besch%C3%A4ftigt%20die%20Hochschule,des%20Themenkomplexes%20im%20k%C3%BCnstlerischen%20Bereich.#:~:text=Seit%202018%20besch%C3%A4ftigt%20die%20Hochschule,des%20Themenkomplexes%20im%20k%C3%BCnstlerischen%20Bereich.",True,Anna Wilde,True,Recherche fehlt,True,,False,,,,,,False,False,True,False,False
Berlin,Hochschule für Technik und Wirtschaft Berlin,öffentlich-rechtlich,Berlin,Hochschule für Technik und Wirtschaft Berlin,Q875138,Hochschule,bibliothek.htw-berlin.de/literatur-suchen/open-access-publikationen/,True,Prof. Dr. Horst Schulte,True,Recherche fehlt,nicht veröffentlicht,,False,,,,opus4.kobv.de/opus4-htw/home,True,False,False,True,False,False
Berlin,Hochschule für Wirtschaft und Recht,öffentlich-rechtlich,Berlin,Hochschule für Wirtschaft und Recht,Q464443,Hochschule,www.hwr-berlin.de/hwr-berlin/serviceeinrichtungen/bibliotheken/open-access/,True,,,Recherche fehlt,True,,False,,,,opus4.kobv.de/opus4-hwr/home,True,False,False,True,False,False
Berlin,Alice Salomon Hochschule Berlin,öffentlich-rechtlich,Berlin,Alice Salomon Hochschule Berlin,Q2646956,Hochschule,www.ash-berlin.eu/studium/einrichtungen-fuer-studierende/bibliothek/open-access/,True,Oliver Roth (kommissarisch),True,Recherche fehlt,False,,False,,,,opus4.kobv.de/opus4-ash/home,True,False,False,False,False,False
Berlin,Hochschule für Musik Hanns Eisler Berlin,öffentlich-rechtlich,Berlin,Hochschule für Musik Hanns Eisler,Q569460,Hochschule,,,,,Recherche fehlt,False,,False,,,,,,False,False,False,False,False
Berlin,"Hochschule für Wirtschaft, Technik und Kultur (hwtk)",öffentlich-rechtlich,Berlin,,Recherche fehlt,Hochschule,Recherche fehlt,Recherche fehlt,Recherche fehlt,Recherche fehlt,Recherche fehlt,Recherche fehlt,Recherche fehlt,Recherche fehlt,Recherche fehlt,Recherche fehlt,Recherche fehlt,Recherche fehlt,Recherche fehlt,False,False,False,False,False
Berlin,Weißensee Kunsthochschule Berlin,öffentlich-rechtlich,Berlin,Weißensee Kunsthochschule Berlin,Q1773894,Hochschule,,,,,Recherche fehlt,False,,False,,,,,,False,False,False,False,False
Brandenburg,Technische Hochschule Wildau,öffentlich-rechtlich,Wildau,Technische Hochschule Wildau,Q686171,Hochschule,www.th-wildau.de/hochschule/zentrale-einrichtungen/hochschulbibliothek/open-access-und-publikationsdienste/informationen-zu-open-access/,True,,,Recherche fehlt,True,,True,,True,False,opus4.kobv.de/opus4-th-wildau/home,True,False,False,True,False,False
Brandenburg,Fachhochschule Potsdam,öffentlich-rechtlich,Potsdam,Fachhochschule Potsdam,Q896706,Hochschule,,,,,Recherche fehlt,False,,False,,,,opus4.kobv.de/opus4-fhpotsdam/home,True,False,False,False,False,False
Brandenburg,Fachhochschule für Finanzen Brandenburg,öffentlich-rechtlich,Königs Wusterhausen,,Q1257534,Hochschule,Recherche fehlt,Recherche fehlt,Recherche fehlt,Recherche fehlt,Recherche fehlt,Recherche fehlt,Recherche fehlt,Recherche fehlt,Recherche fehlt,Recherche fehlt,Recherche fehlt,Recherche fehlt,Recherche fehlt,False,False,False,False,False
Brandenburg,Fachhochschule der Polizei des Landes Brandenburg,öffentlich-rechtlich,Oranienburg,,Q1391247,Hochschule,Recherche fehlt,Recherche fehlt,Recherche fehlt,Recherche fehlt,Recherche fehlt,Recherche fehlt,Recherche fehlt,Recherche fehlt,Recherche fehlt,Recherche fehlt,Recherche fehlt,Recherche fehlt,Recherche fehlt,False,False,False,False,False
Brandenburg,Hochschule für nachhaltige Entwicklung Eberswalde,öffentlich-rechtlich,Eberswalde,Hochschule für nachhaltige Entwicklung Eberswalde,Q1622244,Hochschule,www.hnee.de/de/Hochschule/Einrichtungen/Hochschulbibliothek/Open-Access-/-Publishing/Open-Access-und-Publikation-E10929.htm,True,,,Recherche fehlt,False,,False,,,,opus4.kobv.de/opus4-hnee/home,True,False,False,False,False,False
Brandenburg,Technische Hochschule Brandenburg,öffentlich-rechtlich,Brandenburg,Technische Hochschule Brandenburg,Q1391182,Hochschule,bibliothek.th-brandenburg.de/open-access-und-publizieren/open-access/,True,,,Recherche fehlt,False,,False,,,,opus4.kobv.de/opus4-fhbrb/home,True,False,False,False,False,False
Bremen,Hochschule für Künste Bremen,öffentlich-rechtlich,Bremen,Hochschule für Künste Bremen,Q466664,Hochschule,,,,,Recherche fehlt,False,,True,DFG-Kofinanziert,True,False,media.suub.uni-bremen.de/,True,False,False,False,False,False
Bremen,Hochschule für Öffentliche Verwaltung (HfÖV) Bremen,öffentlich-rechtlich,Bremen,,Q1622242,Hochschule,Recherche fehlt,Recherche fehlt,Recherche fehlt,Recherche fehlt,Recherche fehlt,Recherche fehlt,Recherche fehlt,Recherche fehlt,Recherche fehlt,Recherche fehlt,Recherche fehlt,Recherche fehlt,Recherche fehlt,False,False,False,False,False
Bremen,Hochschule Bremen,öffentlich-rechtlich,Bremen,Hochschule Bremen,Q1622092,Hochschule,,,,,Recherche fehlt,False,,True,DFG-Kofinanziert,True,False,media.suub.uni-bremen.de/,True,False,False,False,False,False
Bremen,Hochschule Bremerhaven,öffentlich-rechtlich,Bremerhaven,Hochschule Bremerhaven,Q1622093,Hochschule,,,,,Recherche fehlt,False,,False,,,,,,False,False,False,False,False
Hamburg,Akademie der Polizei Hamburg,öffentlich-rechtlich,Hamburg,,Q1622155,Hochschule,Recherche fehlt,Recherche fehlt,Recherche fehlt,Recherche fehlt,Recherche fehlt,Recherche fehlt,Recherche fehlt,Recherche fehlt,Recherche fehlt,Recherche fehlt,Recherche fehlt,Recherche fehlt,Recherche fehlt,False,False,False,False,False
Hamburg,Norddeutsche Akademie für Finanzen und Steuerrecht Hamburg,öffentlich-rechtlich,Hamburg,,Q1997705,Hochschule,Recherche fehlt,Recherche fehlt,Recherche fehlt,Recherche fehlt,Recherche fehlt,Recherche fehlt,Recherche fehlt,Recherche fehlt,Recherche fehlt,Recherche fehlt,Recherche fehlt,Recherche fehlt,Recherche fehlt,False,False,False,False,False
Hamburg,Hochschule für Angewandte Wissenschaften Hamburg (HAW),öffentlich-rechtlich,Hamburg,Hochschule für Angewandte Wissenschaften Hamburg (HAW),Q913987,Hochschule,www.haw-hamburg.de/hibs/recherche/open-access/,True,,,Recherche fehlt,False,,True,Eigenmittel,True,False,http://edoc.sub.uni-hamburg.de/haw/,True,False,False,False,False,False
Hamburg,Hochschule für Bildende Künste Hamburg,öffentlich-rechtlich,Hamburg,,Q1622237,Hochschule,,,,,Recherche fehlt,,,,,,,,,False,False,False,False,False
Hamburg,Hochschule für Musik und Theater Hamburg,öffentlich-rechtlich,Hamburg,,Q700824,Hochschule,,,,,Recherche fehlt,False,,False,,,,,,False,False,False,False,False
Hessen,Hochschule Darmstadt,öffentlich-rechtlich,Darmstadt,Hochschule Darmstadt,Q284992,Hochschule,bib.h-da.de/services/open-access/open-access-publizieren,True,,,Katharina Emig,True,,True,,True,False,,,False,False,True,False,False
Hessen,Hochschule Fulda,öffentlich-rechtlich,Fulda,Hochschule Fulda,Q453821,Hochschule,www.hs-fulda.de/hlb/informationen-fuer/forschende-und-lehrende/open-access-publizieren,True,,,Recherche fehlt,False,www.hs-fulda.de/hlb/service/weitere-serviceangebote/forschen-publizieren/open-access-publizieren/open-access-leitlinie-der-hochschule-fulda,True,,True,False,fuldok.hs-fulda.de/opus4/home,True,False,False,True,False,False
Hessen,Hessische Hochschule für Finanzen und Rechtspflege,öffentlich-rechtlich,Rotenburg,,Q1615884,Hochschule,Recherche fehlt,Recherche fehlt,Recherche fehlt,Recherche fehlt,Recherche fehlt,Recherche fehlt,Recherche fehlt,Recherche fehlt,Recherche fehlt,Recherche fehlt,Recherche fehlt,Recherche fehlt,Recherche fehlt,False,False,False,False,False
Hessen,Archivschule Marburg,öffentlich-rechtlich,Marburg,Archivschule Marburg,Q636031,Hochschule,,,,,Recherche fehlt,False,,False,,,False,,,False,False,False,False,False
Hessen,Frankfurt University of Applied Sciences,öffentlich-rechtlich,Frankfurt,Frankfurt University of Applied Sciences,Q812648,Hochschule,www.frankfurt-university.de/de/hochschule/bibliothek/open-access-und-urheberrecht/,True,,,Recherche fehlt,False,,True,,True,False,fhffm.bsz-bw.de/home,True,False,False,False,False,False
Hessen,Hochschule für Gestaltung Offenbach,öffentlich-rechtlich,Offenbach,Hochschule für Gestaltung Offenbach am Main,Q1622179,Hochschule,,,,,Recherche fehlt,False,,False,,,,,,False,False,False,False,False
Hessen,Hochschule für Musik und Darstellende Kunst Frankfurt am Main,öffentlich-rechtlich,Frankfurt,Hochschule für Musik und Darstellende Kunst Frankfurt am Main,Q317796,Hochschule,,,,,Recherche fehlt,False,,False,,,,,,False,False,False,False,False
Hessen,Hessische Hochschule für Polizei und Verwaltung,öffentlich-rechtlich,Wiesbaden,Hessische Hochschule für Polizei und Verwaltung,Q1481465,Hochschule,,,,,Recherche fehlt,False,,False,,,,,,False,False,False,False,False
Hessen,Hochschule Geisenheim,öffentlich-rechtlich,Geisenheim,Hochschule Geisenheim,Q2718928,Hochschule,,,,,Recherche fehlt,False,,True,DFG-Kofinanziert,True,False,opus4.kobv.de/opus4-hs-geisenheim/home,True,False,False,False,False,False
Hessen,Hochschule RheinMain (Wiesbaden/Rüsselsheim),öffentlich-rechtlich,Wiesbaden,Hochschule RheinMain (Wiesbaden/Rüsselsheim),Q542415,Hochschule,,,,,Recherche fehlt,False,,False,,,,,,False,False,False,False,False
Hessen,Kunsthochschule Kassel an der Universität Kassel,öffentlich-rechtlich,Kassel,Kunsthochschule Kassel an der Universität Kassel,Q1792453,Hochschule,,,,,Recherche fehlt,False,,False,,,,,,False,False,False,False,False
Hessen,Hochschule der Polizei Rheinland-Pfalz,öffentlich-rechtlich,Hahn-Flughafen,Hochschule der Polizei Rheinland-Pfalz,Q21040613,Hochschule,,,,,Recherche fehlt,False,,False,,,,,,False,False,False,False,False
Hessen,Hochschule für Bildende Künste - Städelschule,öffentlich-rechtlich,Frankfurt,Hochschule für Bildende Künste - Städelschule,,Hochschule,,,,,,False,,False,,,,,,False,False,False,False,False
Hessen,Studienzentrum der Finanzverwaltung und Justiz in Rotenburg an der Fulda,öffentlich-rechtlich,Rotenburg,Studienzentrum der Finanzverwaltung und Justiz in Rotenburg an der Fulda,,Hochschule,,,,,Recherche fehlt,False,,False,,,,,,False,False,False,False,False
Hessen,Technische Hochschule Mittelhessen (Gießen/Friedberg),öffentlich-rechtlich,Gießen,Technische Hochschule Mittelhessen (Gießen/Friedberg),Q314684,Hochschule,www.thm.de/bibliothek/lehreplus/veroeffentlichen/open-access-und-publizieren,True,,,Recherche fehlt,False,,False,,,,,,False,False,False,False,False
Mecklenburg-Vorpommern,Hochschule Neubrandenburg,öffentlich-rechtlich,Neubrandenburg,Hochschule Neubrandenburg,Q1622130,Hochschule,www.hs-nb.de/bibliothek/hauptmenue/wissenschaftliche-services/publizieren/open-access-beratung/,True,Prof. Dr. sc. agr. Clemens Fuchs; Enrico Niemczewsky; Prof. Dr. rer. pol. Bernhard Langer; Prof. Dr. Andreas Speck ,True,,True,,True,,True,False,,,False,False,True,False,False
Mecklenburg-Vorpommern,"Fachhochschule für öffentliche Verwaltung, Polizei und Rechtspflege des Landes Mecklenburg-Vorpommern",öffentlich-rechtlich,Güstrow,,Q1391288,Hochschule,,,,,,,,,,,,,,False,False,False,False,False
Mecklenburg-Vorpommern,Hochschule für Musik und Theater Rostock,öffentlich-rechtlich,Rostock,Hochschule für Musik und Theather in Rostock,Q881130,Hochschule,,,,,,False,,False,,,,,,False,False,False,False,False
Mecklenburg-Vorpommern,Hochschule Stralsund,öffentlich-rechtlich,Stralsund,Hochschule Stralsund,Q1391231,Hochschule,,,,,,False,,False,,,,,,False,False,False,False,False
Mecklenburg-Vorpommern,Hochschule Wismar,öffentlich-rechtlich,Wismar,Hochschule Wismar,Q883036,Hochschule,,,,,,False,,False,,,,,,False,False,False,False,False
Niedersachsen,Hochschule Hannover,öffentlich-rechtlich,Hannover,Hochschule Hannover,Q224514,Hochschule,www.hs-hannover.de/ueber-uns/organisation/bibliothek/services/publizieren-an-der-hsh/,True,,,Recherche fehlt,True,,True,,True,False,www.repo.uni-hannover.de/,True,False,False,True,False,False
Niedersachsen,Jade Hochschule Wilhelmshaven/Oldenburg/Elsfleth,öffentlich-rechtlich,Wilhelmshaven,,Q982400,Hochschule,www.jade-hs.de/unsere-hochschule/organisation/zentrale-bereiche/hochschulbibliothek/services/forschen-und-publizieren/,True,Walburgis Fehners ,True,Walburgis Fehners ,False,,False,,,,opus.hs-osnabrueck.de/home,True,False,False,True,False,False
Niedersachsen,Hochschule für angewandte Wissenschaft und Kunst Hildesheim/Holzminden/Göttingen,öffentlich-rechtlich,Hildesheim,,Q1562772,Hochschule,Recherche fehlt,,Recherche fehlt,Recherche fehlt,Recherche fehlt,Recherche fehlt,Recherche fehlt,Recherche fehlt,Recherche fehlt,Recherche fehlt,Recherche fehlt,Recherche fehlt,Recherche fehlt,False,False,False,False,False
Niedersachsen,Hochschule für Bildende Künste Braunschweig,öffentlich-rechtlich,Braunschweig,,Q879216,Hochschule,www.hbk-bs.de/einrichtungen/bibliothek/online-publizieren/,True,,,Recherche fehlt,False,,False,,,,opus.hbk-bs.de/home,True,False,False,False,False,False
Niedersachsen,"Hochschule für Musik, Theater und Medien Hannover",öffentlich-rechtlich,Hannover,"Hochschule für Musik, Theater und Medien Hannover",Q455331,Hochschule,www.hmtm-hannover.de/de/studium/hochschulbibliothek/open-access/,True,,,Recherche fehlt,False,,False,,,,,,False,False,False,False,False
Niedersachsen,Norddeutsche Hochschule für Rechtspflege in Hildesheim,öffentlich-rechtlich,Hildesheim,Norddeutsche Hochschule für Rechtspflege in Hildesheim,Q1997776,Hochschule,,,,,Recherche fehlt,False,,False,,,,,,False,False,False,False,False
Niedersachsen,Hochschule Emden/Leer,öffentlich-rechtlich,Emden,Hochschule Emden/Leer,Q1622096,Hochschule,www.hs-emden-leer.de/hochschule/organisation/einrichtungen/campusdidaktik/informationen-zum-lehren-lernen?get=params&cHash=6ccd88516cebe42e8b48c40e1d66a161,True,,,Recherche fehlt,False,,False,,,,opus.hs-emden-leer.de/home,True,False,False,False,False,False
Niedersachsen,Hochschule Osnabrück,öffentlich-rechtlich,Osnabrück,Hochschule Osnabrück,Q1622135,Hochschule,www.ub.uni-osnabrueck.de/publizieren_archivieren/open_access.html,True,,,Recherche fehlt,False,,False,,,,opus.hs-osnabrueck.de/home,True,False,False,False,False,False
Niedersachsen,Kommunale Hochschule für Verwaltung in Niedersachsen (HSVN),öffentlich-rechtlich,Hannover,,,Hochschule,Recherche fehlt,Recherche fehlt,Recherche fehlt,Recherche fehlt,Recherche fehlt,Recherche fehlt,Recherche fehlt,Recherche fehlt,Recherche fehlt,Recherche fehlt,Recherche fehlt,Recherche fehlt,Recherche fehlt,False,False,False,False,False
Niedersachsen,Ostfalia Hochschule für angewandte Wissenschaften,öffentlich-rechtlich,Wolfenbüttel,Hochschule Ostfalia,Q2035460,Hochschule,www.ostfalia.de/cms/de/bib/publizieren/open-access/,True,,,Julia Wiesner,False,,False,,,,opus.ostfalia.de/home,True,False,False,False,False,False
Nordrhein-Westfalen,Deutsche Hochschule der Polizei Münster,öffentlich-rechtlich,Münster,Deutsche Hochschule der Polizei Münster,,Hochschule,,,,,,False,,False,,,,,,False,False,False,False,False
Nordrhein-Westfalen,Fachhochschule Aachen,öffentlich-rechtlich,Aachen,Fachhochschule Aachen,Q1388301,Hochschule,,,,,,False,,False,,,,opus.bibliothek.fh-aachen.de/opus4/home/,True,False,False,False,False,False
Nordrhein-Westfalen,Fachhochschule Bielefeld,öffentlich-rechtlich,Bielefeld,Fachhochschule Bielefeld,Q1391181,Hochschule,www.fh-bielefeld.de/open-access,True,,,Katharina Schulz,True,,True,DFG-Kofinanziert,True,False,in Zukunft www.fh-bielefeld.de/open-access/publikationsserver,True,False,False,False,False,False
Nordrhein-Westfalen,Fachhochschule Dortmund,öffentlich-rechtlich,Dortmund,Fachhochschule Dortmund,Q1324675,Hochschule,,,,,,False,,False,,,,opus.bsz-bw.de/fhdo/home,True,False,False,False,False,False
Nordrhein-Westfalen,Fachhochschule Münster,öffentlich-rechtlich,Münster,Fachhochschule Münster,Q554425,Hochschule,,,,,Dr. Bruno Klotz-Berendes,False,,False,,,,www.hb.fh-muenster.de/opus4/home,True,False,False,False,False,False
Nordrhein-Westfalen,Fachhochschule Südwestfalen,öffentlich-rechtlich,Iserlohn,Fachhochschule Südwestfalen,Q1259168,Hochschule,https://www.fh-swf.de/de/studierende/rund_ums_studium/bibliothek_1/publikationsdienstleistungen/publikationsdienstleistungen.php,True,,,,True,,True,Eigenmittel,,False,https://www.fh-swf.de/de/studierende/rund_ums_studium/bibliothek_1/publikationsdienstleistungen/publikationsdienstleistungen.php?accordion=publikationsserver#publikationsserver-anchor,True,False,False,False,False,False
Nordrhein-Westfalen,Fachhochschule für Finanzen Nordrhein-Westfalen,öffentlich-rechtlich,Nordkirchen,,Q1365807,Hochschule,,,,,,False,,,,,,,,False,False,False,False,False
Nordrhein-Westfalen,Fachhochschule für Rechtspflege Nordrhein-Westfalen,öffentlich-rechtlich,Bad Münstereifel,Fachhochschule für Rechtspflege in NRW,Q1391267,Hochschule,,,,,,False,,False,,,,,,False,False,False,False,False
Nordrhein-Westfalen,"Hochschule für Finanzen, Nordrhein-Westfalen",öffentlich-rechtlich,Düsseldorf,"Hochschule für Finanzen, Nordrhein-Westfalen",Q1365807,Hochschule,,,,,,False,,False,,,,,,False,False,False,False,False
Nordrhein-Westfalen,Folkwang Universität der Künste,öffentlich-rechtlich,Essen,,Q521612,Hochschule,,,,,,False,,False,,,,,,False,False,False,False,False
Nordrhein-Westfalen,Folkwang in Bochum,öffentlich-rechtlich,Essen,Folkwang in Bochum,Q521612,Hochschule,,,,,,False,,False,,,,,,False,False,False,False,False
Nordrhein-Westfalen,Hochschule Bonn-Rhein-Sieg,öffentlich-rechtlich,Sankt Augustin,Hochschule Bonn-Rhein-Sieg,Q1622083,Hochschule,www.h-brs.de/de,True,,,Recherche fehlt,False,,False,,,,pub.h-brs.de/home,True,False,False,False,False,False
Nordrhein-Westfalen,Hochschule für Musik Detmold,öffentlich-rechtlich,Detmold,Hochschule für Musik Detmold,Q317855,Hochschule,,,,,,False,,False,,,,http://opus.hfm-detmold.de/,True,False,False,False,False,False
Nordrhein-Westfalen,Hochschule für Musik und Tanz Köln,öffentlich-rechtlich,Köln,Hochschule für Musik und Tanz Köln,Q55021,Hochschule,,,,,,False,,False,,,,,,False,False,False,False,False
Nordrhein-Westfalen,Hochschule Bochum,öffentlich-rechtlich,Bochum,Hochschule Bochum,Q1622078,Hochschule,,,,,,False,,False,,,,repositorium.hs-ruhrwest.de/home,True,False,False,False,False,False
Nordrhein-Westfalen,Hochschule Rhein-Waal,öffentlich-rechtlich,Kleve,Hochschule Rhein-Waal,Q1622138,Hochschule,www.hochschule-rhein-waal.de/de/hochschule/einrichtungen/bibliothek/publikation/open-access,True,,,Stefan Grün,False,,False,,,,opus4.kobv.de/opus4-rhein-waal/home,True,False,False,False,False,False
Nordrhein-Westfalen,Hochschule Ruhr West,öffentlich-rechtlich,Mülheim,Hochschule Ruhr West,Q1622141,Hochschule,,,,,,False,,False,,,,repositorium.hs-ruhrwest.de/home,True,False,False,False,False,False
Nordrhein-Westfalen,Hochschule Düsseldorf,öffentlich-rechtlich,Düsseldorf,Hochschule Düsseldorf,Q322886,Hochschule,bib.hs-duesseldorf.de/forschung/openaccess,True,,,Kathrin Oeaser,False,,False,,,,opus4.kobv.de/opus4-hs-duesseldorf/home,True,False,False,False,False,False
Nordrhein-Westfalen,Hochschule für Gesundheit,öffentlich-rechtlich,Bochum,Hochschule für Gesundheit,Q1622183,Hochschule,,,,,,False,,False,,,,,,False,False,False,False,False
Nordrhein-Westfalen,Hochschule Niederrhein,öffentlich-rechtlich,Krefeld,Hochschule Niederrhein,Q1318081,Hochschule,,,,,,False,,False,,,,,,False,False,False,False,False
Nordrhein-Westfalen,Hochschule des Bundes für öffentliche Verwaltung,öffentlich-rechtlich,Brühl,Hochschule des Bundes für öffentliche Verwaltung,Q1391252,Hochschule,,,,,,False,,False,,,,opus-hslb.bsz-bw.de/home,True,False,False,False,False,False
Nordrhein-Westfalen,Hochschule Hamm-Lippstadt,öffentlich-rechtlich,Hamm,Hochschule Hamm-Lippstadt,Q1505130,Hochschule,,,,,,False,,False,,,,,,False,False,False,False,False
Nordrhein-Westfalen,Kunsthochschule für Medien Köln,öffentlich-rechtlich,Köln,Kunsthochschule der Medien Köln,Q827038,Hochschule,,,,,,False,,False,,,,e-publications.khm.de/home,True,False,False,False,False,False
Nordrhein-Westfalen,Kunstakademie Düsseldorf,öffentlich-rechtlich,Düsseldorf,Kunstakademie Düsseldorf,Q662355,Hochschule,,,,,,False,,False,,,,,,False,False,False,False,False
Nordrhein-Westfalen,Kunstakademie Münster / Hochschule für Bildende Künste,öffentlich-rechtlich,Münster,Kunstakademie Münster,,Hochschule,,,,,,False,,False,,,,,,False,False,False,False,False
Nordrhein-Westfalen,Robert-Schumann-Hochschule Düsseldorf,öffentlich-rechtlich,Düsseldorf,Robert-Schumann-Hochschule Düsseldorf,Q315238,Hochschule,,,,,,False,,False,,,,,,False,False,False,False,False
Nordrhein-Westfalen,Technische Hochschule Bingen,öffentlich-rechtlich,Bingen,Technische Hochschule Bingen,Q878170,Hochschule,,,,,,False,,False,,,,,,False,False,False,False,False
Nordrhein-Westfalen,Technische Hochschule Köln,öffentlich-rechtlich,Köln,Technische Hochschule Köln,Q54166,Hochschule,www.th-koeln.de/hochschulbibliothek/open-access-an-der-th-koeln_60612.php,True,,,Kerstin Klein,True,,False,,,,http://epb.bibl.th-koeln.de/,True,False,False,False,False,False
Nordrhein-Westfalen,Technische Hochschule Ostwestfalen-Lippe,öffentlich-rechtlich,Lemgo,Technische Hochschule Ostwestfalen-Lippe,Q895634,Hochschule,www.th-owl.de/skim/dokumentation/publizieren/open-access/,True,,,,False,,False,,,,www.th-owl.de/skim/opus/home,True,False,False,False,False,False
Nordrhein-Westfalen,Westfälische Hochschule Gelsenkirchen Bocholt Recklinghausen,öffentlich-rechtlich,Gelsenkirchen,,Q2565230,Hochschule,https://www.w-hs.de/bibliothek/bibliotheksdienste/publizieren-an-der-hochschule/,True,,,,False,,True,Eigenmittel,True,,https://whge.opus.hbz-nrw.de/,True,False,False,False,False,False
Rheinland-Pfalz,Hochschule Kaiserslautern,öffentlich-rechtlich,Kaiserslautern,Hochschule Kaiserslautern,Q1391198,Hochschule,,,,,Recherche fehlt,False,,False,,,,kluedo.ub.uni-kl.de/home,True,False,False,True,False,False
Rheinland-Pfalz,Hochschule der Deutschen Bundesbank Hachenburg,öffentlich-rechtlich,Hachenburg,,Q1622151,Hochschule,Recherche fehlt,Recherche fehlt,Recherche fehlt,Recherche fehlt,Recherche fehlt,Recherche fehlt,Recherche fehlt,Recherche fehlt,Recherche fehlt,Recherche fehlt,Recherche fehlt,Recherche fehlt,Recherche fehlt,False,False,False,False,False
Rheinland-Pfalz,Hochschule Trier,öffentlich-rechtlich,Trier,Hochschule Trier,Q896546,Hochschule,,,,,Recherche fehlt,False,,False,,,,,,False,False,False,False,False
Rheinland-Pfalz,Hochschule für öffentliche Verwaltung Rheinland-Pfalz,öffentlich-rechtlich,Mayen,Hochschule für öffentliche Verwaltung Rheinland-Pfalz,Q1391292,Hochschule,,,,,Recherche fehlt,False,,False,,,,,,False,False,False,False,False
Rheinland-Pfalz,Hochschule Koblenz,öffentlich-rechtlich,Koblenz,Hochschule Koblenz,Q1622117,Hochschule,,,,,Recherche fehlt,False,,False,,,,opus4.kobv.de/opus4-hs-koblenz/home,True,False,False,False,False,False
Rheinland-Pfalz,Hochschule Mainz,öffentlich-rechtlich,Mainz,Hochschule Mainz,Q459724,Hochschule,,,,,Recherche fehlt,False,,False,,,,,,False,False,False,False,False
Rheinland-Pfalz,Hochschule Worms,öffentlich-rechtlich,Worms,Hochschule Worms,Q1391239,Hochschule,,,,,Recherche fehlt,False,,False,,,,,,False,False,False,False,False
Rheinland-Pfalz,Hochschule für Wirtschaft und Gesellschaft Ludwigshafen,öffentlich-rechtlich,Ludwigshafen,Hochschule für Wirtschaft und Gesellschaft Ludwigshafen,Q1622125,Hochschule,,,,,Recherche fehlt,False,,False,,,,,,False,False,False,False,False
Rheinland-Pfalz,Kunsthochschule Mainz,öffentlich-rechtlich,Mainz,Kunsthochschule Mainz,Q1792452,Hochschule,,,,,Recherche fehlt,False,,False,,,,,,False,False,False,False,False
Rheinland-Pfalz,Hochschule für Finanzen Rheinland-Pfalz,öffentlich-rechtlich,Edenkoben,Hochschule für Finanzen Rheinland-Pfalz,,Hochschule,,,,,Recherche fehlt,False,,False,,,,,,False,False,False,False,False
Rheinland-Pfalz,Hochschule für Musik Mainz,öffentlich-rechtlich,Mainz,Hochschule für Musik Mainz,Q1622203,Hochschule,,,,,Recherche fehlt,False,,False,,,,,,False,False,False,False,False
Saarland,Hochschule für Technik und Wirtschaft des Saarlandes,öffentlich-rechtlich,Saarbrücken,Hochschule für Technik und Wirtschaft des Saarlandes,Q884111,Hochschule,,,,,,False,,False,,,,,,False,False,True,False,False
Saarland,Hochschule der Bildenden Künste Saar,öffentlich-rechtlich,Saarbrücken,Hochschule für Bildende Künste Saar,Q1622149,Hochschule,,,,,,False,,,,,,,,False,False,False,False,False
Saarland,Hochschule für Musik Saar,öffentlich-rechtlich,Saarbrücken,Hochschule für Musik Saar,Q1487242,Hochschule,,,,,,False,,False,,,,,,False,False,False,False,False
Saarland,Fachhochschule für Verwaltung des Saarlandes,öffentlich-rechtlich,Quierschied,,Q1391274,Hochschule,,,,,,,,,,,,,,False,False,False,False,False
Sachsen,Hochschule für Grafik und Buchkunst Leipzig,öffentlich-rechtlich,Leipzig,,Q315175,Hochschule,,,,,,,,,,,,https://www.hgb-leipzig.de/einrichtungen/bibliothek/qucosa/,True,False,False,False,False,False
Sachsen,Hochschule für Technik und Wirtschaft Dresden (HTW),öffentlich-rechtlich,Dresden,,Q1622222,Hochschule,https://www.htw-dresden.de/oa,True,,,Elfi Hesse,True,,True,DFG-Kofinanziert,True,False,http://htw-dresden.qucosa.de/,True,False,False,True,False,False
Sachsen,"Hochschule für Technik, Wirtschaft und Kultur Leipzig (HTWK)",öffentlich-rechtlich,Leipzig,,Q1622216,Hochschule,https://bibliothek.htwk-leipzig.de/publizieren/open-access/,True,Astrid Schiemichen,True,Astrid Schiemichen,False,https://www.htwk-leipzig.de/fileadmin/portal/intranet/HTWK/intern/6_Strategien_und_Prozesse/Konzepte_und_Strategien/2019_Open-Science-Leitlinie.pdf,True,Eigenmittel,True,True,https://htwk-leipzig.qucosa.de/,True,True,False,True,False,False
Sachsen,Fachhochschule Dresden (FHD),öffentlich-rechtlich,Dresden,,Q1391187,Hochschule,,,,,,,,,,,,,,False,False,False,False,False
Sachsen,Westsächsische Hochschule Zwickau,öffentlich-rechtlich,Zwickau,,Q884503,Hochschule,,,,,,,,,,,,https://www.fh-zwickau.de/bib/libdoc/,True,False,False,False,False,False
Sachsen,Hochschule für Bildende Künste Dresden,öffentlich-rechtlich,Dresden,,Q464752,Hochschule,Recherche fehlt,Recherche fehlt,Recherche fehlt,Recherche fehlt,,Recherche fehlt,Recherche fehlt,Recherche fehlt,Recherche fehlt,Recherche fehlt,Recherche fehlt,Recherche fehlt,Recherche fehlt,False,False,False,False,False
Sachsen,Hochschule für Musik Carl Maria von Weber Dresden,öffentlich-rechtlich,Dresden,,Q468181,Hochschule,,,,,,,,,,,,https://diu.qucosa.de/,True,False,False,False,False,False
Sachsen,Hochschule für Musik und Theater Felix Mendelssohn Bartholdy Leipzig,öffentlich-rechtlich,Leipzig,,Q312578,Hochschule,,,,,,,,,,,,https://www.hmt-leipzig.de/hmt/bibliothek/elektronisches-publizieren,True,False,False,False,False,False
Sachsen,"Hochschule Mittweida, University of Applied Sciences",öffentlich-rechtlich,Mittweida,,Q202952,Hochschule,https://www.hsb.hs-mittweida.de/open-access/,True,,,,,https://www.hsb.hs-mittweida.de/index.php?eID=tx_nawsecuredl&u=0&g=0&t=1625441011&hash=d87b56b93e10e59531a6caf613166d5525c7baa7&file=fileadmin/verzeichnisfreigaben/hsb/dokumente/OA_Leitlinien.pdf,,,,,http://hsmw.bsz-bw.de/,True,False,False,False,False,False
Sachsen,Hochschule für öffentliche Verwaltung und Rechtspflege und Fortbildungszentrum des Freistaates Sachsen (FHSV-FoBiZ),öffentlich-rechtlich,Meißen,,,Hochschule,,,,,,,,,,,,https://opus.bsz-bw.de/hsf,True,False,False,False,False,False
Sachsen,Hochschule Zittau/Görlitz,öffentlich-rechtlich,Zittau,,Q1622147,Hochschule,,,,,,,,,,,,,,False,False,False,False,False
Sachsen,Palucca Hochschule für Tanz Dresden,öffentlich-rechtlich,Dresden,,Q2048456,Hochschule,,,,,,,,,,,,,,False,False,False,False,False
Sachsen,Hochschule der Sächsischen Polizei (FH),öffentlich-rechtlich,Rothenburg,,Q1509323,Hochschule,,,,,,,,,,,,,,False,False,False,False,False
Sachsen-Anhalt,Hochschule Anhalt,öffentlich-rechtlich,Köthen,Hochschule Anhalt,Q1622074,Hochschule,www.hs-anhalt.de/hochschule-anhalt/einrichtungen/bibliothek/publizieren.html,True,,,,False,True,False,,,,opendata.uni-halle.de/,True,False,False,True,False,False
Sachsen-Anhalt,Fachhochschule Polizei Sachsen-Anhalt,öffentlich-rechtlich,Aschersleben,,Q1391214,Hochschule,,,,,,False,,False,,,,,,False,False,False,False,False
Sachsen-Anhalt,Burg Giebichenstein Kunsthochschule Halle,öffentlich-rechtlich,Halle,Burg Giebichenstein Kunsthochschule Halle,Q1011953,Hochschule,,,,,Petra Runge,False,,False,,,,opendata.uni-halle.de/,True,False,False,False,False,False
Sachsen-Anhalt,Hochschule Harz,öffentlich-rechtlich,Wernigerode,Hochschule Harz,Q1622105,Hochschule,,,,,Nadine Siesing,False,,False,,,,opendata.uni-halle.de/,True,False,False,False,False,False
Sachsen-Anhalt,Hochschule Magdeburg-Stendal,öffentlich-rechtlich,Magdeburg,Hochschule Magdeburg-Stendal,Q1622123,Hochschule,,,,,Uta Baierl,False,,False,,,,opendata.uni-halle.de/,True,False,False,False,False,False
Sachsen-Anhalt,Hochschule Merseburg,öffentlich-rechtlich,Merseburg,Hochschule Merseburg,Q1622126,Hochschule,,,,,Nadja Krauledat,False,,False,,,,opendata.uni-halle.de/,True,False,False,False,False,False
Schleswig-Holstein,Muthesius-Kunsthochschule Kiel,öffentlich-rechtlich,Kiel,Muthesius Kunsthochschule,Q1305888,Hochschule,,,,,,False,,True,Landeskofinanziert,True,False,,,False,False,False,False,False
Schleswig-Holstein,Fachhochschule Kiel,öffentlich-rechtlich,Kiel,Fachhochschule Kiel,Q1391201,Hochschule,,,,,Andreas Jennis,True,,True,Landeskofinanziert,True,False,,,False,False,False,False,False
Schleswig-Holstein,Fachhochschule Westküste,öffentlich-rechtlich,Heide,Fachhochschule Westküste,Q1391235,Hochschule,,,Prof. Dr. Tim Gruchmann,True,Katja Schomburg Veröffentlichung,False,,True,Landeskofinanziert,True,False,,,False,False,False,False,False
Schleswig-Holstein,Fachhochschule für Verwaltung und Dienstleistung Altenholz,öffentlich-rechtlich,Altenholz,Fachhochschule für Verwaltung und Dienstleistung,Q1391272,Hochschule,,,,,,False,,False,,,,,,False,False,False,False,False
Schleswig-Holstein,Hochschule Flensburg,öffentlich-rechtlich,Flensburg,Hochschule Flensburg,Q328274,Hochschule,www.zhb-flensburg.de/suchen-finden/e-medien-datenbanken/open-access/,True,,,Dipl.-Bibl. Andreas Ruß,True,,True,Landeskofinanziert,True,False,,,False,False,False,False,False
Schleswig-Holstein,Musikhochschule Lübeck,öffentlich-rechtlich,Lübeck,Musikhochschule Lübeck,Q513622,Hochschule,,,,,Torsten Senkbeil,False,,True,Landeskofinanziert,True,False,,,False,False,False,False,False
Schleswig-Holstein,Technische Hochschule Lübeck,öffentlich-rechtlich,Lübeck,Technische Hochschule Lübeck,Q1391202,Hochschule,,,Prof. Henrik Botterweck,True,,False,,True,Landeskofinanziert,True,False,,,False,False,False,False,False
Thüringen,Duale Hochschule Gera-Eisenach,öffentlich-rechtlich,Gera,Duale Hochschule Gera-Eisenach,Q27973252,Hochschule,https://www.dhge.de/DHGE.html,True,,,,False,,False,,,,,,False,False,False,False,False
Thüringen,Ernst-Abbe-Hochschule Jena,öffentlich-rechtlich,Jena,Ernst-Abbe-Hochschule Jena,Q1356982,Hochschule,,,,,,False,,False,,,,www.db-thueringen.de/content/index.xml,True,False,False,False,False,False
Thüringen,Fachhochschule Erfurt,öffentlich-rechtlich,Erfurt,Fachhochschule Erfurt,Q1391189,Hochschule,,,,,,False,,False,,,,,,False,False,False,False,False
Thüringen,Hochschule für Musik Franz Liszt Weimar,öffentlich-rechtlich,Weimar,Hochschule für Musik FRANZ LISZT Weimar,Q536163,Hochschule,,,,,,False,,False,,,,,,False,False,False,False,False
Thüringen,Hochschule Nordhausen,öffentlich-rechtlich,Nordhausen,Hochschule Nordhausen,Q1391209,Hochschule,,,,,,False,,False,,,,,,False,False,False,False,False
Thüringen,Hochschule Schmalkalden,öffentlich-rechtlich,Schmalkalden,Hochschule Schmalkalden,Q30293667,Hochschule,,,,,,False,,False,,,,,,False,False,False,False,False
Thüringen,Thüringer Verwaltungsfachhochschule,öffentlich-rechtlich,Gotha,,,Hochschule,,,,,,Recherche fehlt,Recherche fehlt,Recherche fehlt,Recherche fehlt,Recherche fehlt,Recherche fehlt,Recherche fehlt,Recherche fehlt,False,False,False,False,False
